{
  "timestamp": "2025-11-24T17:05:26.461722",
  "config": {
    "k_values": [
      4,
      6,
      8
    ],
    "use_procrustes": true,
    "n_train": 100,
    "n_test": 30,
    "random_seed": 42,
    "pre_k": 8
  },
  "results": {
    "baseline": {
      "k": 60,
      "method": "raw",
      "accuracy": 0.4666666666666667,
      "accuracy_mean": 0.4617,
      "ci_lower": 0.3,
      "ci_upper": 0.6333333333333333,
      "time_per_query": 0.0013395945231119792,
      "speedup": 1.0,
      "dimensionality": 60
    },
    "pca_k4": {
      "k": 4,
      "method": "pca",
      "accuracy": 0.26666666666666666,
      "accuracy_mean": 0.26576666666666665,
      "ci_lower": 0.1,
      "ci_upper": 0.43333333333333335,
      "time_per_query": 0.0008234421412150066,
      "speedup": 1.6268228890197176,
      "dimensionality": 4,
      "eigenvalues": [
        44.30405100545156,
        5.524185928800238,
        2.506361639840298,
        1.5211770667340299
      ]
    },
    "vqd_k4": {
      "k": 4,
      "method": "vqd",
      "basis": "procrustes",
      "accuracy": 0.26666666666666666,
      "accuracy_mean": 0.27093333333333336,
      "ci_lower": 0.1,
      "ci_upper": 0.43333333333333335,
      "time_per_query": 0.0007269700368245442,
      "speedup": 1.8427094037650045,
      "dimensionality": 4,
      "eigenvalues": [
        44.30405095633752,
        2.506361628321163,
        1.510883783352029,
        5.006705735895143
      ],
      "orthogonality_error": 5.440632466748501e-16,
      "mean_principal_angle": 6.150478839077487,
      "max_principal_angle": 19.835148938836273,
      "procrustes_residual": 0.35433888646013795,
      "procrustes_improvement": 0.854541195812411,
      "mean_rayleigh_error": 1.874707718810628,
      "eigenvalue_relative_errors": [
        1.1085679210246016e-09,
        0.5462930356390987,
        0.3971804549928002,
        2.2913365875575225
      ]
    },
    "pca_k6": {
      "k": 6,
      "method": "pca",
      "accuracy": 0.4,
      "accuracy_mean": 0.4016,
      "ci_lower": 0.23333333333333334,
      "ci_upper": 0.5666666666666667,
      "time_per_query": 0.000658877690633138,
      "speedup": 2.033145972547222,
      "dimensionality": 6,
      "eigenvalues": [
        44.30405100545156,
        5.524185928800238,
        2.506361639840298,
        1.5211770667340299,
        1.3464422487764574,
        0.9682725360839214
      ]
    },
    "vqd_k6": {
      "k": 6,
      "method": "vqd",
      "basis": "procrustes",
      "accuracy": 0.4666666666666667,
      "accuracy_mean": 0.4654,
      "ci_lower": 0.26666666666666666,
      "ci_upper": 0.6333333333333333,
      "time_per_query": 0.000724951426188151,
      "speedup": 1.8478403858802896,
      "dimensionality": 6,
      "eigenvalues": [
        44.30405081305652,
        2.5063612056279414,
        2.023482874741108,
        3.2588581472890548,
        1.6054886538623083,
        1.5543029326879734
      ],
      "orthogonality_error": 6.053490019824408e-16,
      "mean_principal_angle": 29.996124726426604,
      "max_principal_angle": 89.99741148048838,
      "procrustes_residual": 1.9997970734087227,
      "procrustes_improvement": 0.33441935456276295,
      "mean_rayleigh_error": 1.0139102604852448,
      "eigenvalue_relative_errors": [
        4.342606259681545e-09,
        0.5462931121559335,
        0.19266124944760976,
        1.1423266354427954,
        0.19239325364400336,
        0.6052329016520402
      ]
    },
    "pca_k8": {
      "k": 8,
      "method": "pca",
      "accuracy": 0.4666666666666667,
      "accuracy_mean": 0.4625,
      "ci_lower": 0.2991666666666674,
      "ci_upper": 0.6333333333333333,
      "time_per_query": 0.0006497462590535481,
      "speedup": 2.0617194857932657,
      "dimensionality": 8,
      "eigenvalues": [
        44.30405100545156,
        5.524185928800238,
        2.506361639840298,
        1.5211770667340299,
        1.3464422487764574,
        0.9682725360839214,
        0.8281063452295662,
        0.7403701306949857
      ]
    },
    "vqd_k8": {
      "k": 8,
      "method": "vqd",
      "basis": "procrustes",
      "accuracy": 0.4666666666666667,
      "accuracy_mean": 0.46153333333333335,
      "ci_lower": 0.3,
      "ci_upper": 0.6333333333333333,
      "time_per_query": 0.0007241487503051758,
      "speedup": 1.8498886072059615,
      "dimensionality": 8,
      "eigenvalues": [
        44.30405077903082,
        2.5063616314791517,
        1.818241729178871,
        4.081546143377883,
        1.5885326786668235,
        0.9758525246099616,
        1.3463544823339433,
        1.118026932933647
      ],
      "orthogonality_error": 1.0642869725518054e-11,
      "mean_principal_angle": 1.979815854052511e-05,
      "max_principal_angle": 0.00015717785005447512,
      "procrustes_residual": 5.321437278711831e-12,
      "procrustes_improvement": 0.9999999999985779,
      "mean_rayleigh_error": 0.9264861086008211,
      "eigenvalue_relative_errors": [
        5.110610592733126e-09,
        0.5462930350674329,
        0.2745493306804978,
        1.6831499321383874,
        0.17980008434105468,
        0.00782836261854179,
        0.6258231688355315,
        0.5100918940154362
      ]
    }
  }
}