{
  "timestamp": "2025-11-18T16:53:56.373488",
  "config": {
    "k_values": [
      4,
      6,
      8
    ],
    "use_procrustes": true,
    "n_train": 100,
    "n_test": 30,
    "random_seed": 42,
    "pre_k": 8
  },
  "results": {
    "baseline": {
      "k": 60,
      "method": "raw",
      "accuracy": 0.06666666666666667,
      "accuracy_mean": 0.06636666666666666,
      "ci_lower": 0.0,
      "ci_upper": 0.16666666666666666,
      "time_per_query": 0.0006485223770141601,
      "speedup": 1.0,
      "dimensionality": 60
    },
    "pca_k4": {
      "k": 4,
      "method": "pca",
      "accuracy": 0.03333333333333333,
      "accuracy_mean": 0.03373333333333333,
      "ci_lower": 0.0,
      "ci_upper": 0.1,
      "time_per_query": 0.0006388743718465169,
      "speedup": 1.0151015686225728,
      "dimensionality": 4,
      "eigenvalues": [
        39.58094787597656,
        5.621523380279541,
        2.9362385272979736,
        2.4709300994873047
      ]
    },
    "vqd_k4": {
      "k": 4,
      "method": "vqd",
      "basis": "procrustes",
      "accuracy": 0.03333333333333333,
      "accuracy_mean": 0.034,
      "ci_lower": 0.0,
      "ci_upper": 0.1,
      "time_per_query": 0.0007465521494547527,
      "speedup": 0.8686899870127104,
      "dimensionality": 4,
      "eigenvalues": [
        39.580944318650545,
        2.936238665474529,
        2.461811782879878,
        4.9554298079172625
      ],
      "orthogonality_error": 3.330938661922145e-16,
      "mean_principal_angle": 6.61870101412562,
      "max_principal_angle": 22.674612549962543,
      "procrustes_residual": 0.39870417898028465,
      "procrustes_improvement": 0.836525175554961,
      "mean_rayleigh_error": 1.411052560301569,
      "eigenvalue_relative_errors": [
        2.3627937091433995e-09,
        0.4776790955548687,
        0.16157640829485687,
        1.005491540316485
      ]
    },
    "pca_k6": {
      "k": 6,
      "method": "pca",
      "accuracy": 0.03333333333333333,
      "accuracy_mean": 0.0325,
      "ci_lower": 0.0,
      "ci_upper": 0.1,
      "time_per_query": 0.0006405909856160482,
      "speedup": 1.012381365920228,
      "dimensionality": 6,
      "eigenvalues": [
        39.58094787597656,
        5.621523380279541,
        2.9362385272979736,
        2.4709300994873047,
        1.9822815656661987,
        1.6597464084625244
      ]
    },
    "vqd_k6": {
      "k": 6,
      "method": "vqd",
      "basis": "procrustes",
      "accuracy": 0.06666666666666667,
      "accuracy_mean": 0.06736666666666666,
      "ci_lower": 0.0,
      "ci_upper": 0.16666666666666666,
      "time_per_query": 0.0007526318232218425,
      "speedup": 0.8616728086755434,
      "dimensionality": 6,
      "eigenvalues": [
        39.58094428292015,
        2.936238670502072,
        2.427704173826122,
        5.136765197830105,
        1.947448406231227,
        1.5787939280067804
      ],
      "orthogonality_error": 6.414136633000149e-16,
      "mean_principal_angle": 15.566501077936012,
      "max_principal_angle": 89.98209003685398,
      "procrustes_residual": 1.4152491920630246,
      "procrustes_improvement": 0.5892918700745261,
      "mean_rayleigh_error": 0.9959065756025677,
      "eigenvalue_relative_errors": [
        3.2655107911544226e-09,
        0.4776790946605304,
        0.17319249701707107,
        1.0788790373705586,
        0.01757221715877949,
        0.048774361705638536
      ]
    },
    "pca_k8": {
      "k": 8,
      "method": "pca",
      "accuracy": 0.03333333333333333,
      "accuracy_mean": 0.033833333333333326,
      "ci_lower": 0.0,
      "ci_upper": 0.1,
      "time_per_query": 0.0006410996119181315,
      "speedup": 1.0115781774907338,
      "dimensionality": 8,
      "eigenvalues": [
        39.58094787597656,
        5.621523380279541,
        2.9362385272979736,
        2.4709300994873047,
        1.9822815656661987,
        1.6597464084625244,
        1.1391445398330688,
        1.0256948471069336
      ]
    },
    "vqd_k8": {
      "k": 8,
      "method": "vqd",
      "basis": "procrustes",
      "accuracy": 0.03333333333333333,
      "accuracy_mean": 0.03253333333333333,
      "ci_lower": 0.0,
      "ci_upper": 0.1,
      "time_per_query": 0.0007495880126953125,
      "speedup": 0.8651717557251908,
      "dimensionality": 8,
      "eigenvalues": [
        39.58094434487088,
        2.936238670065176,
        2.4318129548449683,
        1.1662002685470563,
        1.3270768394084376,
        1.9177156240415787,
        5.293089438671366,
        1.763425768064692
      ],
      "orthogonality_error": 4.662407213754986e-16,
      "mean_principal_angle": 6.472132620149354e-07,
      "max_principal_angle": 1.9090959104164224e-06,
      "procrustes_residual": 1.6220793185745895e-15,
      "procrustes_improvement": 0.9999999999999996,
      "mean_rayleigh_error": 1.2874110510295966,
      "eigenvalue_relative_errors": [
        1.7003452825687656e-09,
        0.4776790947382488,
        0.17179316220061272,
        0.5280319036808393,
        0.3305305789727985,
        0.15542645318445014,
        3.646547345230022,
        0.7192496978332577
      ]
    }
  }
}