{
  "timestamp": "2025-11-24T18:41:32.231028",
  "results": {
    "global": {
      "baseline": 0.6833333333333333,
      "k4": {
        "pca": 0.6166666666666667,
        "vqd": 0.6666666666666666,
        "gap": 0.04999999999999993,
        "angle": 89.65971847995095
      },
      "k8": {
        "pca": 0.65,
        "vqd": 0.65,
        "gap": 0.0,
        "angle": 89.99707075676947
      },
      "k12": {
        "pca": 0.6333333333333333,
        "vqd": 0.7,
        "gap": 0.06666666666666665,
        "angle": 87.40791511912855
      }
    },
    "per_seq": {
      "baseline": 0.6833333333333333,
      "k4": {
        "pca": 0.75,
        "vqd": 0.8166666666666667,
        "gap": 0.06666666666666665,
        "angle": 89.18663457638584
      },
      "k8": {
        "pca": 0.7833333333333333,
        "vqd": 0.9166666666666666,
        "gap": 0.1333333333333333,
        "angle": 89.99323611264926
      },
      "k12": {
        "pca": 0.8166666666666667,
        "vqd": 0.8166666666666667,
        "gap": 0.0,
        "angle": 89.94514800671375
      }
    }
  }
}